product,url
M0000001,products/M0000001_1.webp
M0000001,products/M0000001_2.webp
M0000001,products/M0000001_3.webp
M0000001,products/M0000001_4.webp
M0000002,products/M0000002_1.webp
M0000002,products/M0000002_2.webp
M0000002,products/M0000002_3.webp
M0000002,products/M0000002_4.webp
M0000003,products/M0000003_1.webp
M0000003,products/M0000003_2.webp
M0000003,products/M0000003_3.webp
M0000003,products/M0000003_4.webp
M0000004,products/M0000004_1.webp
M0000004,products/M0000004_2.webp
M0000004,products/M0000004_3.webp
M0000004,products/M0000004_4.webp
M0000005,products/M0000005_1.webp
M0000005,products/M0000005_2.webp
M0000005,products/M0000005_3.webp
M0000005,products/M0000005_4.webp
M0000006,products/M0000006_1.webp
M0000006,products/M0000006_2.webp
M0000006,products/M0000006_3.webp
M0000006,products/M0000006_4.webp
M0000007,products/M0000007_1.webp
M0000007,products/M0000007_2.webp
M0000007,products/M0000007_3.webp
M0000007,products/M0000007_4.webp
M0000008,products/M0000008_1.webp
M0000008,products/M0000008_2.webp
M0000008,products/M0000008_3.webp
M0000008,products/M0000008_4.webp
M0000009,products/M0000009_1.webp
M0000009,products/M0000009_2.webp
M0000009,products/M0000009_3.webp
M0000009,products/M0000009_4.webp
M0000010,products/M0000010_1.webp
M0000010,products/M0000010_2.webp
M0000010,products/M0000010_3.webp
M0000010,products/M0000010_4.webp
M0000151,products/M0000151_1.webp
M0000151,products/M0000151_2.webp
M0000151,products/M0000151_3.webp
M0000151,products/M0000151_4.webp
M0000152,products/M0000152_1.webp
M0000152,products/M0000152_2.webp
M0000152,products/M0000152_3.webp
M0000152,products/M0000152_4.webp
M0000153,products/M0000153_1.webp
M0000153,products/M0000153_2.webp
M0000153,products/M0000153_3.webp
M0000153,products/M0000153_4.webp
M0000154,products/M0000154_1.webp
M0000154,products/M0000154_2.webp
M0000154,products/M0000154_3.webp
M0000154,products/M0000154_4.webp
M0000155,products/M0000155_1.webp
M0000155,products/M0000155_2.webp
M0000155,products/M0000155_3.webp
M0000155,products/M0000155_4.webp
M0000156,products/M0000156_1.webp
M0000156,products/M0000156_2.webp
M0000156,products/M0000156_3.webp
M0000156,products/M0000156_4.webp
M0000157,products/M0000157_1.webp
M0000157,products/M0000157_2.webp
M0000157,products/M0000157_3.webp
M0000157,products/M0000157_4.webp
M0000158,products/M0000158_1.webp
M0000158,products/M0000158_2.webp
M0000158,products/M0000158_3.webp
M0000158,products/M0000158_4.webp
M0000159,products/M0000159_1.webp
M0000159,products/M0000159_2.webp
M0000159,products/M0000159_3.webp
M0000159,products/M0000159_4.webp
M0000160,products/M0000160_1.webp
M0000160,products/M0000160_2.webp
M0000160,products/M0000160_3.webp
M0000160,products/M0000160_4.webp
M0000187,products/M0000187_1.webp
M0000187,products/M0000187_2.webp
M0000187,products/M0000187_3.webp
M0000187,products/M0000187_4.webp
M0000188,products/M0000188_1.webp
M0000188,products/M0000188_2.webp
M0000188,products/M0000188_3.webp
M0000188,products/M0000188_4.webp
M0000189,products/M0000189_1.webp
M0000189,products/M0000189_2.webp
M0000189,products/M0000189_3.webp
M0000189,products/M0000189_4.webp
M0000190,products/M0000190_1.webp
M0000190,products/M0000190_2.webp
M0000190,products/M0000190_3.webp
M0000190,products/M0000190_4.webp
M0000191,products/M0000191_1.webp
M0000191,products/M0000191_2.webp
M0000191,products/M0000191_3.webp
M0000191,products/M0000191_4.webp
M0000192,products/M0000192_1.webp
M0000192,products/M0000192_2.webp
M0000192,products/M0000192_3.webp
M0000192,products/M0000192_4.webp
M0000193,products/M0000193_1.webp
M0000193,products/M0000193_2.webp
M0000193,products/M0000193_3.webp
M0000193,products/M0000193_4.webp
M0000194,products/M0000194_1.webp
M0000194,products/M0000194_2.webp
M0000194,products/M0000194_3.webp
M0000194,products/M0000194_4.webp
M0000195,products/M0000195_1.webp
M0000195,products/M0000195_2.webp
M0000195,products/M0000195_3.webp
M0000195,products/M0000195_4.webp
M0000196,products/M0000196_1.webp
M0000196,products/M0000196_2.webp
M0000196,products/M0000196_3.webp
M0000196,products/M0000196_4.webp
M0000246,products/M0000246_1.webp
M0000246,products/M0000246_2.webp
M0000246,products/M0000246_3.webp
M0000246,products/M0000246_4.webp
M0000247,products/M0000247_1.webp
M0000247,products/M0000247_2.webp
M0000247,products/M0000247_3.webp
M0000247,products/M0000247_4.webp
M0000248,products/M0000248_1.webp
M0000248,products/M0000248_2.webp
M0000248,products/M0000248_3.webp
M0000248,products/M0000248_4.webp
M0000249,products/M0000249_1.webp
M0000249,products/M0000249_2.webp
M0000249,products/M0000249_3.webp
M0000249,products/M0000249_4.webp
M0000250,products/M0000250_1.webp
M0000250,products/M0000250_2.webp
M0000250,products/M0000250_3.webp
M0000250,products/M0000250_4.webp
M0000251,products/M0000251_1.webp
M0000251,products/M0000251_2.webp
M0000251,products/M0000251_3.webp
M0000251,products/M0000251_4.webp
M0000252,products/M0000252_1.webp
M0000252,products/M0000252_2.webp
M0000252,products/M0000252_3.webp
M0000252,products/M0000252_4.webp
M0000253,products/M0000253_1.webp
M0000253,products/M0000253_2.webp
M0000253,products/M0000253_3.webp
M0000253,products/M0000253_4.webp
M0000254,products/M0000254_1.webp
M0000254,products/M0000254_2.webp
M0000254,products/M0000254_3.webp
M0000254,products/M0000254_4.webp
M0000255,products/M0000255_1.webp
M0000255,products/M0000255_2.webp
M0000255,products/M0000255_3.webp
M0000255,products/M0000255_4.webp
M0000270,products/M0000270_1.webp
M0000270,products/M0000270_2.webp
M0000270,products/M0000270_3.webp
M0000270,products/M0000270_4.webp
M0000271,products/M0000271_1.webp
M0000271,products/M0000271_2.webp
M0000271,products/M0000271_3.webp
M0000271,products/M0000271_4.webp
M0000272,products/M0000272_1.webp
M0000272,products/M0000272_2.webp
M0000272,products/M0000272_3.webp
M0000272,products/M0000272_4.webp
M0000273,products/M0000273_1.webp
M0000273,products/M0000273_2.webp
M0000273,products/M0000273_3.webp
M0000273,products/M0000273_4.webp
M0000274,products/M0000274_1.webp
M0000274,products/M0000274_2.webp
M0000274,products/M0000274_3.webp
M0000274,products/M0000274_4.webp
M0000275,products/M0000275_1.webp
M0000275,products/M0000275_2.webp
M0000275,products/M0000275_3.webp
M0000275,products/M0000275_4.webp
M0000276,products/M0000276_1.webp
M0000276,products/M0000276_2.webp
M0000276,products/M0000276_3.webp
M0000276,products/M0000276_4.webp
M0000277,products/M0000277_1.webp
M0000277,products/M0000277_2.webp
M0000277,products/M0000277_3.webp
M0000277,products/M0000277_4.webp
M0000278,products/M0000278_1.webp
M0000278,products/M0000278_2.webp
M0000278,products/M0000278_3.webp
M0000278,products/M0000278_4.webp
M0000279,products/M0000279_1.webp
M0000279,products/M0000279_2.webp
M0000279,products/M0000279_3.webp
M0000279,products/M0000279_4.webp
M0000321,products/M0000321_1.webp
M0000321,products/M0000321_2.webp
M0000321,products/M0000321_3.webp
M0000321,products/M0000321_4.webp
M0000322,products/M0000322_1.webp
M0000322,products/M0000322_2.webp
M0000322,products/M0000322_3.webp
M0000322,products/M0000322_4.webp
M0000323,products/M0000323_1.webp
M0000323,products/M0000323_2.webp
M0000323,products/M0000323_3.webp
M0000323,products/M0000323_4.webp
M0000324,products/M0000324_1.webp
M0000324,products/M0000324_2.webp
M0000324,products/M0000324_3.webp
M0000324,products/M0000324_4.webp
M0000325,products/M0000325_1.webp
M0000325,products/M0000325_2.webp
M0000325,products/M0000325_3.webp
M0000325,products/M0000325_4.webp
M0000326,products/M0000326_1.webp
M0000326,products/M0000326_2.webp
M0000326,products/M0000326_3.webp
M0000326,products/M0000326_4.webp
M0000327,products/M0000327_1.webp
M0000327,products/M0000327_2.webp
M0000327,products/M0000327_3.webp
M0000327,products/M0000327_4.webp
M0000328,products/M0000328_1.webp
M0000328,products/M0000328_2.webp
M0000328,products/M0000328_3.webp
M0000328,products/M0000328_4.webp
M0000329,products/M0000329_1.webp
M0000329,products/M0000329_2.webp
M0000329,products/M0000329_3.webp
M0000329,products/M0000329_4.webp
M0000330,products/M0000330_1.webp
M0000330,products/M0000330_2.webp
M0000330,products/M0000330_3.webp
M0000330,products/M0000330_4.webp
M0000331,products/M0000331_1.webp
M0000331,products/M0000331_2.webp
M0000331,products/M0000331_3.webp
M0000331,products/M0000331_4.webp
M0000332,products/M0000332_1.webp
M0000332,products/M0000332_2.webp
M0000332,products/M0000332_3.webp
M0000332,products/M0000332_4.webp
M0000333,products/M0000333_1.webp
M0000333,products/M0000333_2.webp
M0000333,products/M0000333_3.webp
M0000333,products/M0000333_4.webp
M0000334,products/M0000334_1.webp
M0000334,products/M0000334_2.webp
M0000334,products/M0000334_3.webp
M0000334,products/M0000334_4.webp
M0000335,products/M0000335_1.webp
M0000335,products/M0000335_2.webp
M0000335,products/M0000335_3.webp
M0000335,products/M0000335_4.webp
M0000422,products/M0000422_1.webp
M0000422,products/M0000422_2.webp
M0000422,products/M0000422_3.webp
M0000422,products/M0000422_4.webp
M0000423,products/M0000423_1.webp
M0000423,products/M0000423_2.webp
M0000423,products/M0000423_3.webp
M0000423,products/M0000423_4.webp
M0000424,products/M0000424_1.webp
M0000424,products/M0000424_2.webp
M0000424,products/M0000424_3.webp
M0000424,products/M0000424_4.webp
M0000425,products/M0000425_1.webp
M0000425,products/M0000425_2.webp
M0000425,products/M0000425_3.webp
M0000425,products/M0000425_4.webp
M0000426,products/M0000426_1.webp
M0000426,products/M0000426_2.webp
M0000426,products/M0000426_3.webp
M0000426,products/M0000426_4.webp
M0000427,products/M0000427_1.webp
M0000427,products/M0000427_2.webp
M0000427,products/M0000427_3.webp
M0000427,products/M0000427_4.webp
M0000428,products/M0000428_1.webp
M0000428,products/M0000428_2.webp
M0000428,products/M0000428_3.webp
M0000428,products/M0000428_4.webp
M0000429,products/M0000429_1.webp
M0000429,products/M0000429_2.webp
M0000429,products/M0000429_3.webp
M0000429,products/M0000429_4.webp
M0000430,products/M0000430_1.webp
M0000430,products/M0000430_2.webp
M0000430,products/M0000430_3.webp
M0000430,products/M0000430_4.webp
M0000431,products/M0000431_1.webp
M0000431,products/M0000431_2.webp
M0000431,products/M0000431_3.webp
M0000431,products/M0000431_4.webp
M0000458,products/M0000458_1.webp
M0000458,products/M0000458_2.webp
M0000458,products/M0000458_3.webp
M0000458,products/M0000458_4.webp
M0000459,products/M0000459_1.webp
M0000459,products/M0000459_2.webp
M0000459,products/M0000459_3.webp
M0000459,products/M0000459_4.webp
M0000460,products/M0000460_1.webp
M0000460,products/M0000460_2.webp
M0000460,products/M0000460_3.webp
M0000460,products/M0000460_4.webp
M0000461,products/M0000461_1.webp
M0000461,products/M0000461_2.webp
M0000461,products/M0000461_3.webp
M0000461,products/M0000461_4.webp
M0000462,products/M0000462_1.webp
M0000462,products/M0000462_2.webp
M0000462,products/M0000462_3.webp
M0000462,products/M0000462_4.webp
M0000463,products/M0000463_1.webp
M0000463,products/M0000463_2.webp
M0000463,products/M0000463_3.webp
M0000463,products/M0000463_4.webp
M0000464,products/M0000464_1.webp
M0000464,products/M0000464_2.webp
M0000464,products/M0000464_3.webp
M0000464,products/M0000464_4.webp
M0000465,products/M0000465_1.webp
M0000465,products/M0000465_2.webp
M0000465,products/M0000465_3.webp
M0000465,products/M0000465_4.webp
M0000466,products/M0000466_1.webp
M0000466,products/M0000466_2.webp
M0000466,products/M0000466_3.webp
M0000466,products/M0000466_4.webp
M0000467,products/M0000467_1.webp
M0000467,products/M0000467_2.webp
M0000467,products/M0000467_3.webp
M0000467,products/M0000467_4.webp
M0000481,products/M0000481_1.webp
M0000481,products/M0000481_2.webp
M0000481,products/M0000481_3.webp
M0000481,products/M0000481_4.webp
M0000482,products/M0000482_1.webp
M0000482,products/M0000482_2.webp
M0000482,products/M0000482_3.webp
M0000482,products/M0000482_4.webp
M0000483,products/M0000483_1.webp
M0000483,products/M0000483_2.webp
M0000483,products/M0000483_3.webp
M0000483,products/M0000483_4.webp
M0000484,products/M0000484_1.webp
M0000484,products/M0000484_2.webp
M0000484,products/M0000484_3.webp
M0000484,products/M0000484_4.webp
M0000485,products/M0000485_1.webp
M0000485,products/M0000485_2.webp
M0000485,products/M0000485_3.webp
M0000485,products/M0000485_4.webp
M0000486,products/M0000486_1.webp
M0000486,products/M0000486_2.webp
M0000486,products/M0000486_3.webp
M0000486,products/M0000486_4.webp
M0000487,products/M0000487_1.webp
M0000487,products/M0000487_2.webp
M0000487,products/M0000487_3.webp
M0000487,products/M0000487_4.webp
M0000488,products/M0000488_1.webp
M0000488,products/M0000488_2.webp
M0000488,products/M0000488_3.webp
M0000488,products/M0000488_4.webp
M0000489,products/M0000489_1.webp
M0000489,products/M0000489_2.webp
M0000489,products/M0000489_3.webp
M0000489,products/M0000489_4.webp
M0000490,products/M0000490_1.webp
M0000490,products/M0000490_2.webp
M0000490,products/M0000490_3.webp
M0000490,products/M0000490_4.webp
M0000631,products/M0000631_1.webp
M0000631,products/M0000631_2.webp
M0000631,products/M0000631_3.webp
M0000631,products/M0000631_4.webp
M0000632,products/M0000632_1.webp
M0000632,products/M0000632_2.webp
M0000632,products/M0000632_3.webp
M0000632,products/M0000632_4.webp
M0000633,products/M0000633_1.webp
M0000633,products/M0000633_2.webp
M0000633,products/M0000633_3.webp
M0000633,products/M0000633_4.webp
M0000634,products/M0000634_1.webp
M0000634,products/M0000634_2.webp
M0000634,products/M0000634_3.webp
M0000634,products/M0000634_4.webp
M0000635,products/M0000635_1.webp
M0000635,products/M0000635_2.webp
M0000635,products/M0000635_3.webp
M0000635,products/M0000635_4.webp
M0000636,products/M0000636_1.webp
M0000636,products/M0000636_2.webp
M0000636,products/M0000636_3.webp
M0000636,products/M0000636_4.webp
M0000637,products/M0000637_1.webp
M0000637,products/M0000637_2.webp
M0000637,products/M0000637_3.webp
M0000637,products/M0000637_4.webp
M0000638,products/M0000638_1.webp
M0000638,products/M0000638_2.webp
M0000638,products/M0000638_3.webp
M0000638,products/M0000638_4.webp
M0000639,products/M0000639_1.webp
M0000639,products/M0000639_2.webp
M0000639,products/M0000639_3.webp
M0000639,products/M0000639_4.webp
M0000640,products/M0000640_1.webp
M0000640,products/M0000640_2.webp
M0000640,products/M0000640_3.webp
M0000640,products/M0000640_4.webp
M0000781,products/M0000781_1.webp
M0000781,products/M0000781_2.webp
M0000781,products/M0000781_3.webp
M0000781,products/M0000781_4.webp
M0000782,products/M0000782_1.webp
M0000782,products/M0000782_2.webp
M0000782,products/M0000782_3.webp
M0000782,products/M0000782_4.webp
M0000783,products/M0000783_1.webp
M0000783,products/M0000783_2.webp
M0000783,products/M0000783_3.webp
M0000783,products/M0000783_4.webp
M0000784,products/M0000784_1.webp
M0000784,products/M0000784_2.webp
M0000784,products/M0000784_3.webp
M0000784,products/M0000784_4.webp
M0000785,products/M0000785_1.webp
M0000785,products/M0000785_2.webp
M0000785,products/M0000785_3.webp
M0000785,products/M0000785_4.webp
M0000786,products/M0000786_1.webp
M0000786,products/M0000786_2.webp
M0000786,products/M0000786_3.webp
M0000786,products/M0000786_4.webp
M0000787,products/M0000787_1.webp
M0000787,products/M0000787_2.webp
M0000787,products/M0000787_3.webp
M0000787,products/M0000787_4.webp
M0000788,products/M0000788_1.webp
M0000788,products/M0000788_2.webp
M0000788,products/M0000788_3.webp
M0000788,products/M0000788_4.webp
M0000789,products/M0000789_1.webp
M0000789,products/M0000789_2.webp
M0000789,products/M0000789_3.webp
M0000789,products/M0000789_4.webp
M0000790,products/M0000790_1.webp
M0000790,products/M0000790_2.webp
M0000790,products/M0000790_3.webp
M0000790,products/M0000790_4.webp
M0000808,products/M0000808_1.webp
M0000808,products/M0000808_2.webp
M0000808,products/M0000808_3.webp
M0000808,products/M0000808_4.webp
M0000809,products/M0000809_1.webp
M0000809,products/M0000809_2.webp
M0000809,products/M0000809_3.webp
M0000809,products/M0000809_4.webp
M0000810,products/M0000810_1.webp
M0000810,products/M0000810_2.webp
M0000810,products/M0000810_3.webp
M0000810,products/M0000810_4.webp
M0000811,products/M0000811_1.webp
M0000811,products/M0000811_2.webp
M0000811,products/M0000811_3.webp
M0000811,products/M0000811_4.webp
M0000812,products/M0000812_1.webp
M0000812,products/M0000812_2.webp
M0000812,products/M0000812_3.webp
M0000812,products/M0000812_4.webp
M0000813,products/M0000813_1.webp
M0000813,products/M0000813_2.webp
M0000813,products/M0000813_3.webp
M0000813,products/M0000813_4.webp
M0000814,products/M0000814_1.webp
M0000814,products/M0000814_2.webp
M0000814,products/M0000814_3.webp
M0000814,products/M0000814_4.webp
M0000815,products/M0000815_1.webp
M0000815,products/M0000815_2.webp
M0000815,products/M0000815_3.webp
M0000815,products/M0000815_4.webp
M0000816,products/M0000816_1.webp
M0000816,products/M0000816_2.webp
M0000816,products/M0000816_3.webp
M0000816,products/M0000816_4.webp
M0000817,products/M0000817_1.webp
M0000817,products/M0000817_2.webp
M0000817,products/M0000817_3.webp
M0000817,products/M0000817_4.webp
M0000822,products/M0000822_1.webp
M0000822,products/M0000822_2.webp
M0000822,products/M0000822_3.webp
M0000822,products/M0000822_4.webp
M0000823,products/M0000823_1.webp
M0000823,products/M0000823_2.webp
M0000823,products/M0000823_3.webp
M0000823,products/M0000823_4.webp
M0000824,products/M0000824_1.webp
M0000824,products/M0000824_2.webp
M0000824,products/M0000824_3.webp
M0000824,products/M0000824_4.webp
M0000825,products/M0000825_1.webp
M0000825,products/M0000825_2.webp
M0000825,products/M0000825_3.webp
M0000825,products/M0000825_4.webp
M0000826,products/M0000826_1.webp
M0000826,products/M0000826_2.webp
M0000826,products/M0000826_3.webp
M0000826,products/M0000826_4.webp
M0000827,products/M0000827_1.webp
M0000827,products/M0000827_2.webp
M0000827,products/M0000827_3.webp
M0000827,products/M0000827_4.webp
M0000828,products/M0000828_1.webp
M0000828,products/M0000828_2.webp
M0000828,products/M0000828_3.webp
M0000828,products/M0000828_4.webp
M0000829,products/M0000829_1.webp
M0000829,products/M0000829_2.webp
M0000829,products/M0000829_3.webp
M0000829,products/M0000829_4.webp
M0000830,products/M0000830_1.webp
M0000830,products/M0000830_2.webp
M0000830,products/M0000830_3.webp
M0000830,products/M0000830_4.webp
M0000831,products/M0000831_1.webp
M0000831,products/M0000831_2.webp
M0000831,products/M0000831_3.webp
M0000831,products/M0000831_4.webp
M0000833,products/M0000833_1.webp
M0000833,products/M0000833_2.webp
M0000833,products/M0000833_3.webp
M0000833,products/M0000833_4.webp
M0000834,products/M0000834_1.webp
M0000834,products/M0000834_2.webp
M0000834,products/M0000834_3.webp
M0000834,products/M0000834_4.webp
M0000835,products/M0000835_1.webp
M0000835,products/M0000835_2.webp
M0000835,products/M0000835_3.webp
M0000835,products/M0000835_4.webp
M0000836,products/M0000836_1.webp
M0000836,products/M0000836_2.webp
M0000836,products/M0000836_3.webp
M0000836,products/M0000836_4.webp
M0000837,products/M0000837_1.webp
M0000837,products/M0000837_2.webp
M0000837,products/M0000837_3.webp
M0000837,products/M0000837_4.webp
M0000838,products/M0000838_1.webp
M0000838,products/M0000838_2.webp
M0000838,products/M0000838_3.webp
M0000838,products/M0000838_4.webp
M0000839,products/M0000839_1.webp
M0000839,products/M0000839_2.webp
M0000839,products/M0000839_3.webp
M0000839,products/M0000839_4.webp
M0000840,products/M0000840_1.webp
M0000840,products/M0000840_2.webp
M0000840,products/M0000840_3.webp
M0000840,products/M0000840_4.webp
M0000841,products/M0000841_1.webp
M0000841,products/M0000841_2.webp
M0000841,products/M0000841_3.webp
M0000841,products/M0000841_4.webp
M0000842,products/M0000842_1.webp
M0000842,products/M0000842_2.webp
M0000842,products/M0000842_3.webp
M0000842,products/M0000842_4.webp
M0000983,products/M0000983_1.webp
M0000983,products/M0000983_2.webp
M0000983,products/M0000983_3.webp
M0000983,products/M0000983_4.webp
M0000984,products/M0000984_1.webp
M0000984,products/M0000984_2.webp
M0000984,products/M0000984_3.webp
M0000984,products/M0000984_4.webp
M0000985,products/M0000985_1.webp
M0000985,products/M0000985_2.webp
M0000985,products/M0000985_3.webp
M0000985,products/M0000985_4.webp
M0000986,products/M0000986_1.webp
M0000986,products/M0000986_2.webp
M0000986,products/M0000986_3.webp
M0000986,products/M0000986_4.webp
M0000987,products/M0000987_1.webp
M0000987,products/M0000987_2.webp
M0000987,products/M0000987_3.webp
M0000987,products/M0000987_4.webp
M0000988,products/M0000988_1.webp
M0000988,products/M0000988_2.webp
M0000988,products/M0000988_3.webp
M0000988,products/M0000988_4.webp
M0000989,products/M0000989_1.webp
M0000989,products/M0000989_2.webp
M0000989,products/M0000989_3.webp
M0000989,products/M0000989_4.webp
M0000990,products/M0000990_1.webp
M0000990,products/M0000990_2.webp
M0000990,products/M0000990_3.webp
M0000990,products/M0000990_4.webp
M0000991,products/M0000991_1.webp
M0000991,products/M0000991_2.webp
M0000991,products/M0000991_3.webp
M0000991,products/M0000991_4.webp
M0000992,products/M0000992_1.webp
M0000992,products/M0000992_2.webp
M0000992,products/M0000992_3.webp
M0000992,products/M0000992_4.webp
M0001040,products/M0001040_1.webp
M0001040,products/M0001040_2.webp
M0001040,products/M0001040_3.webp
M0001040,products/M0001040_4.webp
M0001041,products/M0001041_1.webp
M0001041,products/M0001041_2.webp
M0001041,products/M0001041_3.webp
M0001041,products/M0001041_4.webp
M0001042,products/M0001042_1.webp
M0001042,products/M0001042_2.webp
M0001042,products/M0001042_3.webp
M0001042,products/M0001042_4.webp
M0001043,products/M0001043_1.webp
M0001043,products/M0001043_2.webp
M0001043,products/M0001043_3.webp
M0001043,products/M0001043_4.webp
M0001044,products/M0001044_1.webp
M0001044,products/M0001044_2.webp
M0001044,products/M0001044_3.webp
M0001044,products/M0001044_4.webp
M0001045,products/M0001045_1.webp
M0001045,products/M0001045_2.webp
M0001045,products/M0001045_3.webp
M0001045,products/M0001045_4.webp
M0001046,products/M0001046_1.webp
M0001046,products/M0001046_2.webp
M0001046,products/M0001046_3.webp
M0001046,products/M0001046_4.webp
M0001047,products/M0001047_1.webp
M0001047,products/M0001047_2.webp
M0001047,products/M0001047_3.webp
M0001047,products/M0001047_4.webp
M0001048,products/M0001048_1.webp
M0001048,products/M0001048_2.webp
M0001048,products/M0001048_3.webp
M0001048,products/M0001048_4.webp
M0001049,products/M0001049_1.webp
M0001049,products/M0001049_2.webp
M0001049,products/M0001049_3.webp
M0001049,products/M0001049_4.webp
M0001139,products/M0001139_1.webp
M0001139,products/M0001139_2.webp
M0001139,products/M0001139_3.webp
M0001139,products/M0001139_4.webp
M0001140,products/M0001140_1.webp
M0001140,products/M0001140_2.webp
M0001140,products/M0001140_3.webp
M0001140,products/M0001140_4.webp
M0001141,products/M0001141_1.webp
M0001141,products/M0001141_2.webp
M0001141,products/M0001141_3.webp
M0001141,products/M0001141_4.webp
M0001142,products/M0001142_1.webp
M0001142,products/M0001142_2.webp
M0001142,products/M0001142_3.webp
M0001142,products/M0001142_4.webp
M0001143,products/M0001143_1.webp
M0001143,products/M0001143_2.webp
M0001143,products/M0001143_3.webp
M0001143,products/M0001143_4.webp
M0001144,products/M0001144_1.webp
M0001144,products/M0001144_2.webp
M0001144,products/M0001144_3.webp
M0001144,products/M0001144_4.webp
M0001145,products/M0001145_1.webp
M0001145,products/M0001145_2.webp
M0001145,products/M0001145_3.webp
M0001145,products/M0001145_4.webp
M0001146,products/M0001146_1.webp
M0001146,products/M0001146_2.webp
M0001146,products/M0001146_3.webp
M0001146,products/M0001146_4.webp
M0001147,products/M0001147_1.webp
M0001147,products/M0001147_2.webp
M0001147,products/M0001147_3.webp
M0001147,products/M0001147_4.webp
M0001148,products/M0001148_1.webp
M0001148,products/M0001148_2.webp
M0001148,products/M0001148_3.webp
M0001148,products/M0001148_4.webp
M0001157,products/M0001157_1.webp
M0001157,products/M0001157_2.webp
M0001157,products/M0001157_3.webp
M0001157,products/M0001157_4.webp
M0001158,products/M0001158_1.webp
M0001158,products/M0001158_2.webp
M0001158,products/M0001158_3.webp
M0001158,products/M0001158_4.webp
M0001159,products/M0001159_1.webp
M0001159,products/M0001159_2.webp
M0001159,products/M0001159_3.webp
M0001159,products/M0001159_4.webp
M0001160,products/M0001160_1.webp
M0001160,products/M0001160_2.webp
M0001160,products/M0001160_3.webp
M0001160,products/M0001160_4.webp
M0001161,products/M0001161_1.webp
M0001161,products/M0001161_2.webp
M0001161,products/M0001161_3.webp
M0001161,products/M0001161_4.webp
M0001162,products/M0001162_1.webp
M0001162,products/M0001162_2.webp
M0001162,products/M0001162_3.webp
M0001162,products/M0001162_4.webp
M0001163,products/M0001163_1.webp
M0001163,products/M0001163_2.webp
M0001163,products/M0001163_3.webp
M0001163,products/M0001163_4.webp
M0001164,products/M0001164_1.webp
M0001164,products/M0001164_2.webp
M0001164,products/M0001164_3.webp
M0001164,products/M0001164_4.webp
M0001165,products/M0001165_1.webp
M0001165,products/M0001165_2.webp
M0001165,products/M0001165_3.webp
M0001165,products/M0001165_4.webp
M0001166,products/M0001166_1.webp
M0001166,products/M0001166_2.webp
M0001166,products/M0001166_3.webp
M0001166,products/M0001166_4.webp
M0001222,products/M0001222_1.webp
M0001222,products/M0001222_2.webp
M0001222,products/M0001222_3.webp
M0001222,products/M0001222_4.webp
M0001223,products/M0001223_1.webp
M0001223,products/M0001223_2.webp
M0001223,products/M0001223_3.webp
M0001223,products/M0001223_4.webp
M0001224,products/M0001224_1.webp
M0001224,products/M0001224_2.webp
M0001224,products/M0001224_3.webp
M0001224,products/M0001224_4.webp
M0001225,products/M0001225_1.webp
M0001225,products/M0001225_2.webp
M0001225,products/M0001225_3.webp
M0001225,products/M0001225_4.webp
M0001226,products/M0001226_1.webp
M0001226,products/M0001226_2.webp
M0001226,products/M0001226_3.webp
M0001226,products/M0001226_4.webp
M0001227,products/M0001227_1.webp
M0001227,products/M0001227_2.webp
M0001227,products/M0001227_3.webp
M0001227,products/M0001227_4.webp
M0001228,products/M0001228_1.webp
M0001228,products/M0001228_2.webp
M0001228,products/M0001228_3.webp
M0001228,products/M0001228_4.webp
M0001229,products/M0001229_1.webp
M0001229,products/M0001229_2.webp
M0001229,products/M0001229_3.webp
M0001229,products/M0001229_4.webp
M0001230,products/M0001230_1.webp
M0001230,products/M0001230_2.webp
M0001230,products/M0001230_3.webp
M0001230,products/M0001230_4.webp
M0001231,products/M0001231_1.webp
M0001231,products/M0001231_2.webp
M0001231,products/M0001231_3.webp
M0001231,products/M0001231_4.webp
M0001238,products/M0001238_1.webp
M0001238,products/M0001238_2.webp
M0001238,products/M0001238_3.webp
M0001238,products/M0001238_4.webp
M0001239,products/M0001239_1.webp
M0001239,products/M0001239_2.webp
M0001239,products/M0001239_3.webp
M0001239,products/M0001239_4.webp
M0001240,products/M0001240_1.webp
M0001240,products/M0001240_2.webp
M0001240,products/M0001240_3.webp
M0001240,products/M0001240_4.webp
M0001242,products/M0001242_1.webp
M0001242,products/M0001242_2.webp
M0001242,products/M0001242_3.webp
M0001242,products/M0001242_4.webp
M0001243,products/M0001243_1.webp
M0001243,products/M0001243_2.webp
M0001243,products/M0001243_3.webp
M0001243,products/M0001243_4.webp
M0001244,products/M0001244_1.webp
M0001244,products/M0001244_2.webp
M0001244,products/M0001244_3.webp
M0001244,products/M0001244_4.webp
